technique,family,device_context,effective_size_mb,accuracy,avg_batch_time_sec,avg_image_time_sec,throughput_img_sec,peak_gpu_memory_mb,sparsity,compression_ratio,finetune_time_sec,source_file,size_score,speed_score,accuracy_score,vm1_score,vm2_score,vm3_score
baseline_cpu,baseline,cpu,42.6916,0.987013,0.243888,0.003811,262.42,,,,,D:\github\IOT_Project\results\optimization\baseline_benchmark_cpu.txt,2.1935184662979087e-05,0.16545784224841337,0.0,0.05792011562004302,0.0496439332299229,0.03309595548661527
baseline_gpu,baseline,gpu,42.6916,0.987013,0.012023,0.000188,5323.26,182.79,,,,D:\github\IOT_Project\results\optimization\baseline_benchmark.txt,2.1935184662979087e-05,0.9866273798730735,0.0,0.345329453788674,0.2959947945173209,0.19732986301154729
q1_dynamic_quantization,quantization,cpu,42.6899,0.987013,0.271908,0.004249,235.37,,,1.0,,D:\github\IOT_Project\results\optimization\q1_dynamic_quantization_report.txt,7.520634741576926e-05,0.06618313689936531,0.0,0.023197940771114953,0.019877502974034324,0.013251668649356216
q2_static_ptq_fx,quantization,cpu,10.7801,0.987013,0.074879,0.00117,854.71,,,3.9602,,D:\github\IOT_Project\results\optimization\q2_static_ptq_fx_report.txt,1.0,0.764052583862194,0.0,0.717418404351768,0.5292157751586581,0.3528105167724388
q3_qat,quantization,cpu,10.7809,0.99053,0.09886,0.001545,647.38,,,3.9599,148.11,D:\github\IOT_Project\results\optimization\q3_qat_report.txt,0.9999749312175279,0.6790571169537625,1.0,0.8876587099817044,0.9037096144513871,0.9358064096342581
q4_weight_only,quantization,cpu,21.3633,0.987013,0.219783,0.003434,291.2,,,1.9984,,D:\github\IOT_Project\results\optimization\q4_weight_only_report.txt,0.6683650766791384,0.25090661831368993,0.0,0.3885816009154037,0.2757815084978485,0.18385433899856568
q5_mixed_precision,quantization,gpu,21.3644,0.987013,0.008243,0.000129,7764.18,126.8,,1.9983,,D:\github\IOT_Project\results\optimization\q5_mixed_precision_report.txt,0.6683306071032395,1.0,0.0,0.6507487731964579,0.5004991821309719,0.3336661214206479
p1_unstructured_pruning,pruning,cpu,42.6923,0.987013,0.290607,0.004541,220.23,,0.299742,1.0,121.84,D:\github\IOT_Project\results\optimization\p1_unstructured_pruning_report.txt,0.0,0.0,0.0,0.0,0.0,0.0
p2_structured_pruning,pruning,cpu,42.692,0.987013,0.272728,0.004261,234.67,,0.199265,1.0,112.62,D:\github\IOT_Project\results\optimization\p2_structured_pruning_report.txt,9.400793427054653e-06,0.06346328195829552,0.0,0.022216379042445607,0.019041804825516772,0.012694536550344516
p3_magnitude_pruning,pruning,cpu,42.6919,0.987013,0.274324,0.004286,233.3,,0.299742,1.0,114.39,D:\github\IOT_Project\results\optimization\p3_magnitude_pruning_report.txt,1.2534391236147089e-05,0.057796917497733455,0.0,0.020234561600262973,0.01734283556669088,0.011561890377793921
