vm,technique_requested,technique_used_set,n,errors,accuracy,latency_ms_mean,latency_ms_std,cpu_pct_mean,ram_mb_mean
vm1,baseline,baseline,10,0,1.0,74.939,33.135,12.9,722.1
vm1,q1,q1,10,0,1.0,76.001,31.27,5.8,744.3
vm1,q2,baseline,10,0,1.0,158.312,245.522,5.7,711.3
vm1,q3,baseline,10,0,1.0,79.168,54.667,6.3,709.9
vm1,q4,q4,10,0,1.0,68.102,54.387,7.6,690.2
vm1,q5,q5,10,0,1.0,65.51,49.05,7.6,705.2
vm1,p1,p1,10,0,1.0,130.228,82.536,7.0,708.7
vm1,p2,p2,10,0,1.0,331.287,226.313,7.4,709.6
vm1,p3,p3,10,0,1.0,42.882,38.762,6.6,708.0
vm2,baseline,baseline,10,0,1.0,50.832,32.49,6.3,706.1
vm2,q1,q1,10,0,1.0,37.217,27.506,14.8,757.0
vm2,q2,baseline,10,0,1.0,18.006,18.825,7.5,784.7
vm2,q3,baseline,10,0,1.0,22.478,21.202,7.6,794.2
vm2,q4,q4,10,0,1.0,21.169,21.081,11.9,823.4
vm2,q5,q5,10,0,1.0,25.097,21.239,14.4,827.0
vm2,p1,p1,10,0,1.0,24.468,26.722,16.9,837.5
vm2,p2,p2,10,0,1.0,30.646,31.49,14.0,841.2
vm2,p3,p3,10,0,1.0,78.041,17.652,10.8,842.6
vm3,baseline,baseline,10,0,1.0,54.045,35.479,6.1,702.3
vm3,q1,q1,10,0,1.0,38.277,31.803,14.5,755.0
vm3,q2,baseline,10,0,1.0,11.199,5.446,9.1,781.0
vm3,q3,baseline,10,0,1.0,35.704,30.032,7.5,797.2
vm3,q4,q4,10,0,1.0,31.885,22.774,15.2,813.9
vm3,q5,q5,10,0,1.0,37.917,24.561,14.0,823.4
vm3,p1,p1,10,0,1.0,26.646,22.493,15.8,831.1
vm3,p2,p2,10,0,1.0,31.52,25.202,15.2,830.8
vm3,p3,p3,10,0,1.0,26.531,18.005,14.5,835.9
