vm,technique,status,inference_mean_ms,inference_std_ms,cpu_pct,ram_mb,accuracy
VM1,Q1,measured_host_cpu,127.098,,,707.33,0.995
VM1,Q2,measured_host_cpu,39.004,,,750.0,0.995
VM1,Q3,measured_host_cpu,43.294,,,1570.34,0.995
VM1,Q4,measured_host_cpu,124.478,,,1565.83,0.995
VM1,Q5,measured_host_cpu,126.066,,,1561.61,0.995
VM1,P1,measured_host_cpu,122.957,,,736.86,0.5225
VM1,P2,measured_host_cpu,116.936,,,735.24,0.4775
VM1,P3,measured_host_cpu,121.989,,,753.21,0.5225
VM2,Q1,pending,,,,,
VM2,Q2,pending,,,,,
VM2,Q3,pending,,,,,
VM2,Q4,pending,,,,,
VM2,Q5,pending,,,,,
VM2,P1,pending,,,,,
VM2,P2,pending,,,,,
VM2,P3,pending,,,,,
VM3,Q1,pending,,,,,
VM3,Q2,pending,,,,,
VM3,Q3,pending,,,,,
VM3,Q4,pending,,,,,
VM3,Q5,pending,,,,,
VM3,P1,pending,,,,,
VM3,P2,pending,,,,,
VM3,P3,pending,,,,,
