slice,y_true,pred_vm1,conf_vm1,pred_vm2,conf_vm2,pred_vm3,conf_vm3,collective_pred,collective_conf,consensus,overloaded
D:\github\IOT_Project\data\processed\slices\test\1\wj_IXI591-Guys-1084-MPRAGESEN_-sIXI59_-0301-00003-000001-01_slice_054.npy,1,0,0.5492053627967834,0,0.6004685163497925,1,0.5687483549118042,0,0.6690287499547786,0,
D:\github\IOT_Project\data\processed\slices\test\0\mwp2IXI474-IOP-1138-SAGFSPGR_-sIXI47_-0003-00001-000001-01_slice_077.npy,0,0,0.5580606460571289,0,0.6074851155281067,1,0.5684500932693481,0,0.6721733263214638,0,
D:\github\IOT_Project\data\processed\slices\test\0\mwp2IXI142-Guys-0786-T1_slice_094.npy,0,0,0.547806441783905,0,0.5876854658126831,1,0.5409521460533142,0,0.6773216828348253,0,
D:\github\IOT_Project\data\processed\slices\test\1\wj_IXI191-Guys-0801-MPRAGESEN_-s252_-0301-00003-000001-01_slice_057.npy,1,0,0.5702788233757019,0,0.6445777416229248,1,0.6011608242988586,0,0.6689674736366847,0,
D:\github\IOT_Project\data\processed\slices\test\0\mwp2IXI521-HH-2353-MADisoTFE1_-s3T227_-0301-00003-000001-01_slice_034.npy,0,0,0.5258089900016785,0,0.5784316062927246,1,0.5398776531219482,0,0.6716308858480219,0,
D:\github\IOT_Project\data\processed\slices\test\0\mwp1IXI600-HH-2660-MADisoTFE1_-s3T246_-0301-00003-000001-01_slice_059.npy,0,0,0.5651543140411377,0,0.59600830078125,1,0.5471552014350891,0,0.6797111191910545,0,
D:\github\IOT_Project\data\processed\slices\test\1\wmIXI210-Guys-0856-MPRAGESEN_-s295_-0301-00003-000001-01_slice_094.npy,1,0,0.5547804832458496,0,0.6308000683784485,1,0.583030641078949,0,0.6703454984994122,0,
D:\github\IOT_Project\data\processed\slices\test\0\mwp2IXI129-Guys-0775-T1_slice_057.npy,0,0,0.5622678399085999,0,0.6061195731163025,1,0.5336072444915771,0,0.6864812459104851,0,
D:\github\IOT_Project\data\processed\slices\test\0\mwp2IXI549-Guys-1046-MPRAGESEN_-s426_-0301-00003-000001-01_slice_058.npy,0,0,0.5509998798370361,0,0.6029846668243408,1,0.5179670453071594,0,0.6902021279830769,0,
D:\github\IOT_Project\data\processed\slices\test\1\wj_IXI191-Guys-0801-MPRAGESEN_-s252_-0301-00003-000001-01_slice_068.npy,1,0,0.5720024108886719,0,0.6352496147155762,1,0.6043637990951538,0,0.666395164551273,0,
